{
  "feature_summary": {
    "age_at_entry": {
      "mean": 0.012340597193629893,
      "std": 1.0108821395862566,
      "p25": -0.4915448370734856,
      "p50": -0.3144535386806575,
      "p75": 0.03972905810499874
    },
    "average_olevel_grade": {
      "mean": -0.0010807577468398839,
      "std": 0.9128034453670334,
      "p25": -0.5170215514066288,
      "p50": -0.001080757746839885,
      "p75": 0.599054946391838
    },
    "uce_credits": {
      "mean": -0.004866596913958689,
      "std": 1.0066051553039366,
      "p25": -0.5798040687758507,
      "p50": 0.2395075413944233,
      "p75": 0.6491633464795603
    },
    "uce_distinctions": {
      "mean": -0.0031265253018968467,
      "std": 0.9047796446002678,
      "p25": -0.5769300214800667,
      "p50": -0.5769300214800667,
      "p75": 0.3025518589321487
    },
    "alevel_average_grade_weight": {
      "mean": 0.004455284314235359,
      "std": 0.9333449886936148,
      "p25": -0.7560848281756055,
      "p50": -0.07659606853533885,
      "p75": 0.6028926911049278
    },
    "alevel_count_weak_grades": {
      "mean": -0.0031074500577704394,
      "std": 0.9299039656457159,
      "p25": -0.011169558868966025,
      "p50": -0.011169558868966025,
      "p75": 1.0297382676431708
    },
    "alevel_dominant_grade_weight": {
      "mean": -0.0003895208504049223,
      "std": 0.9348019905682958,
      "p25": -0.4879893738894722,
      "p50": -0.4879893738894722,
      "p75": 0.9012816417984629
    },
    "alevel_std_dev_grade_weight": {
      "mean": 0.0013739601508602195,
      "std": 0.9226710365685731,
      "p25": -0.5444144093036986,
      "p50": 0.001373960150860215,
      "p75": 0.5856573856903154
    },
    "count_weak_grades_olevel": {
      "mean": -0.007369311622355203,
      "std": 0.9130114839550677,
      "p25": -0.4446932291330123,
      "p50": -0.007369311622355201,
      "p75": 0.719842524704669
    },
    "olevel_subjects": {
      "mean": -0.0063664953369959405,
      "std": 0.9125234857361753,
      "p25": -0.006366495336995952,
      "p50": 0.4291097938837544,
      "p75": 0.4291097938837544
    },
    "std_dev_olevel_grade": {
      "mean": 0.0035392279177314553,
      "std": 0.9198950336644167,
      "p25": -0.5843875337126507,
      "p50": 0.00353922791773146,
      "p75": 0.5424458837483582
    },
    "high_school_performance_variance": {
      "mean": -0.002801123621701104,
      "std": 1.001798866186603,
      "p25": -0.5374093037774857,
      "p50": 0.18775528816963352,
      "p75": 0.6939643662047416
    },
    "high_school_performance_stability_index": {
      "mean": 0.0041588996051995075,
      "std": 1.007503670604223,
      "p25": -0.5992691513306538,
      "p50": -0.3280445188584652,
      "p75": 0.18286699812402993
    },
    "marital_status": {
      "mean": 0.010042681395932713,
      "std": 0.10699639319015578,
      "p25": 0.0,
      "p50": 0.0,
      "p75": 0.0
    },
    "level": {
      "mean": 1.9640974140095406,
      "std": 0.3626643982808456,
      "p25": 2.0,
      "p50": 2.0,
      "p75": 2.0
    },
    "gender": {
      "mean": 0.5495857393924177,
      "std": 0.49753517910687206,
      "p25": 0.0,
      "p50": 1.0,
      "p75": 1.0
    },
    "is_national": {
      "mean": 0.9470248556364549,
      "std": 0.22398387987354496,
      "p25": 1.0,
      "p50": 1.0,
      "p75": 1.0
    },
    "general_paper": {
      "mean": 0.6507657544564399,
      "std": 0.47672810624419915,
      "p25": 0.0,
      "p50": 1.0,
      "p75": 1.0
    },
    "campus_id_code": {
      "mean": 0.7308561385890032,
      "std": 1.3973790771850745,
      "p25": 0.0,
      "p50": 0.0,
      "p75": 1.0
    },
    "program_id_code": {
      "mean": 78.76650765754457,
      "std": 41.21812930385663,
      "p25": 35.0,
      "p50": 97.0,
      "p75": 106.0
    },
    "uce_year_code": {
      "mean": 31.6869194074818,
      "std": 5.341009666568725,
      "p25": 31.0,
      "p50": 33.0,
      "p75": 35.0
    },
    "uace_year_code": {
      "mean": 31.517951292995228,
      "std": 4.346597691814748,
      "p25": 31.0,
      "p50": 33.0,
      "p75": 34.0
    },
    "year_of_entry_code": {
      "mean": 10.322119005774542,
      "std": 1.9270997928876814,
      "p25": 9.0,
      "p50": 10.0,
      "p75": 12.0
    }
  },
  "global_importance": [
    {
      "feature": "average_olevel_grade",
      "importance": 0.22760703918433878
    },
    {
      "feature": "level",
      "importance": 0.12957851805406903
    },
    {
      "feature": "year_of_entry_code",
      "importance": 0.10031459354011234
    },
    {
      "feature": "alevel_average_grade_weight",
      "importance": 0.08285820315093666
    },
    {
      "feature": "program_id_code",
      "importance": 0.07550532036067562
    },
    {
      "feature": "campus_id_code",
      "importance": 0.06945434831063203
    },
    {
      "feature": "uce_credits",
      "importance": 0.06706119364446415
    },
    {
      "feature": "age_at_entry",
      "importance": 0.0483586058374356
    },
    {
      "feature": "std_dev_olevel_grade",
      "importance": 0.03723722226968922
    },
    {
      "feature": "gender",
      "importance": 0.02450541470582575
    },
    {
      "feature": "high_school_performance_variance",
      "importance": 0.02271510146093174
    },
    {
      "feature": "high_school_performance_stability_index",
      "importance": 0.017451709136049296
    },
    {
      "feature": "alevel_std_dev_grade_weight",
      "importance": 0.016865332992395805
    },
    {
      "feature": "uce_year_code",
      "importance": 0.016594358922311935
    },
    {
      "feature": "uace_year_code",
      "importance": 0.01548054277942425
    },
    {
      "feature": "alevel_count_weak_grades",
      "importance": 0.012086548234838648
    },
    {
      "feature": "count_weak_grades_olevel",
      "importance": 0.009316546355737918
    },
    {
      "feature": "alevel_dominant_grade_weight",
      "importance": 0.008728386754331357
    },
    {
      "feature": "uce_distinctions",
      "importance": 0.005698520435638945
    },
    {
      "feature": "general_paper",
      "importance": 0.005422357966525312
    },
    {
      "feature": "olevel_subjects",
      "importance": 0.004017287162994998
    },
    {
      "feature": "is_national",
      "importance": 0.0029426046665094563
    },
    {
      "feature": "marital_status",
      "importance": 0.00020024407413089785
    }
  ]
}